{
  "baseline_ridge": {
    "rmse_mean": 110.09692048694015,
    "mae_mean": 93.728116184514,
    "r2_mean": -2.7711191592628763,
    "rmse_std": 80.1895884544734,
    "mae_std": 73.9786586406903,
    "r2_std": 6.208257810830747
  },
  "rf": {
    "rmse_mean": 384.71196134810964,
    "mae_mean": 339.43911999999995,
    "r2_mean": -5.999090544286112,
    "rmse_std": 155.54231332285087,
    "mae_std": 131.834297747575,
    "r2_std": 3.95952786505566
  },
  "lgbm": {
    "rmse_mean": 525.0010669321091,
    "mae_mean": 486.13666623195957,
    "r2_mean": -20.994900924494715,
    "rmse_std": 148.2571125085833,
    "mae_std": 143.74715608040373,
    "r2_std": 19.072426960915458
  },
  "xgb": {
    "rmse_mean": 271.62134995214063,
    "mae_mean": 209.7655485026042,
    "r2_mean": -1.9219492271957743,
    "rmse_std": 159.847705343393,
    "mae_std": 121.67718533876264,
    "r2_std": 1.7609644614585476
  },
  "lgbm_tuned": {
    "rmse_mean": 519.913508622878,
    "mae_mean": 480.96785136175896,
    "r2_mean": -20.799995747817015,
    "rmse_std": 141.13191733646588,
    "mae_std": 134.68366321106438,
    "r2_std": 19.122205587959254
  }
}